[{"id":"7c544d75-f8bb-4027-af55-451d9968eead","codename":"things_to_do","last_modified":"2020-04-29T18:58:49.025089Z","name":"Things To Do","content_groups":[],"elements":[{"maximum_text_length":null,"name":"Title","guidelines":null,"is_required":true,"type":"text","id":"4dbee8d0-a3f6-461c-9a2f-202d223d0023","codename":"title"},{"maximum_text_length":null,"name":"Plain Description","guidelines":"Plain text, no formatting","is_required":false,"type":"text","id":"42275950-38e6-4b7f-b1b5-3f35ef0da6a0","codename":"plain_description"},{"maximum_text_length":null,"maximum_image_size":null,"allowed_content_types":[],"image_width_limit":null,"image_height_limit":null,"allowed_image_types":"any","allowed_blocks":[],"allowed_formatting":[],"allowed_text_blocks":[],"name":"Description","guidelines":null,"is_required":false,"type":"rich_text","id":"95c01ec3-e94f-4049-b99e-0c83f81c3c8d","codename":"description"},{"maximum_text_length":null,"name":"Link to content","guidelines":null,"is_required":true,"type":"text","id":"defcb3a9-87aa-4516-b509-163a8505ded9","codename":"link_to_content"},{"maximum_text_length":null,"name":"Contributor","guidelines":null,"is_required":false,"type":"text","id":"b9c903b5-f16a-4893-b6d9-99b40bba3298","codename":"contributor"},{"guidelines":null,"taxonomy_group":{"id":"c8060d6e-86b2-4698-8999-a1f8036e2d49"},"is_required":true,"type":"taxonomy","id":"61628930-d569-428d-a709-19975e83c378","codename":"things_to_do_tags"}]},{"id":"49298941-1d7a-4165-b97e-a2b06200c896","codename":"questions","last_modified":"2020-04-15T20:03:03.1025637Z","name":"Questions","content_groups":[],"elements":[{"name":"Order","guidelines":"The position in the stack of questions to ask the user","is_required":false,"type":"number","id":"382e0922-afe7-4747-b57a-48137b2dabce","codename":"order"},{"maximum_text_length":null,"name":"Question","guidelines":"Question to ask","is_required":false,"type":"text","id":"6eee2844-f453-43ef-94bc-e2626f7d81fc","codename":"question"}]}]