[{"id":"107cb120-c1f1-41fc-9990-eae5f3d04d5b","name":"Learn Blazor Webassembly","codename":"learn_blazor_webassembly","type":{"id":"7c544d75-f8bb-4027-af55-451d9968eead"},"sitemap_locations":[],"last_modified":"2020-04-15T19:56:14.1634281Z"},{"id":"b86f8753-9b94-4cd5-b13d-dd1185b5824d","name":"2nd Question","codename":"n1st_question","type":{"id":"49298941-1d7a-4165-b97e-a2b06200c896"},"sitemap_locations":[],"last_modified":"2020-04-15T20:07:57.9687208Z"},{"id":"4324580d-9a27-4981-bf7e-be792c605e53","name":"1st Question","codename":"n2nd_question","type":{"id":"49298941-1d7a-4165-b97e-a2b06200c896"},"sitemap_locations":[],"last_modified":"2020-04-15T20:07:42.7224294Z"},{"id":"f0b44603-5cf6-44b2-b9d9-7ba42f1a7414","name":"3rd Question","codename":"n3rd_question","type":{"id":"49298941-1d7a-4165-b97e-a2b06200c896"},"sitemap_locations":[],"last_modified":"2020-04-15T20:08:23.9868143Z"}]