[{"elements":[{"element":{"id":"4dbee8d0-a3f6-461c-9a2f-202d223d0023"},"value":"Learn Blazor Webassembly"},{"element":{"id":"42275950-38e6-4b7f-b1b5-3f35ef0da6a0"},"value":"Get started learning how to create a client side application written in C# using Blazor Webassembly"},{"components":[],"element":{"id":"95c01ec3-e94f-4049-b99e-0c83f81c3c8d"},"value":"<p>Get started learning how to create a client side application written in C# using Blazor Webassembly</p>"},{"element":{"id":"defcb3a9-87aa-4516-b509-163a8505ded9"},"value":"https://dotnet.microsoft.com/apps/aspnet/web-apps/blazor"},{"element":{"id":"b9c903b5-f16a-4893-b6d9-99b40bba3298"},"value":"@curiousdrive"},{"element":{"id":"61628930-d569-428d-a709-19975e83c378"},"value":[{"id":"69522dc1-ca67-49e7-ade7-3ca7f7c8dc7e"},{"id":"5e150ae6-dd9b-42c3-88c9-ea26f5167f1d"},{"id":"1f62ee24-d85d-4194-ab32-1e0d2e8ef97f"}]}],"workflow_step":{"id":"c199950d-99f0-4983-b711-6c4c91624b22"},"item":{"id":"107cb120-c1f1-41fc-9990-eae5f3d04d5b"},"language":{"id":"00000000-0000-0000-0000-000000000000"},"last_modified":"2020-04-29T19:02:07.5494125Z"},{"elements":[{"element":{"id":"382e0922-afe7-4747-b57a-48137b2dabce"},"value":2},{"element":{"id":"6eee2844-f453-43ef-94bc-e2626f7d81fc"},"value":"What development languages are you familiar with?"}],"workflow_step":{"id":"c199950d-99f0-4983-b711-6c4c91624b22"},"item":{"id":"b86f8753-9b94-4cd5-b13d-dd1185b5824d"},"language":{"id":"00000000-0000-0000-0000-000000000000"},"last_modified":"2020-04-15T20:08:00.0957308Z"},{"elements":[{"element":{"id":"382e0922-afe7-4747-b57a-48137b2dabce"},"value":1},{"element":{"id":"6eee2844-f453-43ef-94bc-e2626f7d81fc"},"value":"What framework are you most familiar with?"}],"workflow_step":{"id":"c199950d-99f0-4983-b711-6c4c91624b22"},"item":{"id":"4324580d-9a27-4981-bf7e-be792c605e53"},"language":{"id":"00000000-0000-0000-0000-000000000000"},"last_modified":"2020-04-15T20:07:14.4563228Z"},{"elements":[{"element":{"id":"382e0922-afe7-4747-b57a-48137b2dabce"},"value":3},{"element":{"id":"6eee2844-f453-43ef-94bc-e2626f7d81fc"},"value":"Do you want to learn a new framework?"}],"workflow_step":{"id":"c199950d-99f0-4983-b711-6c4c91624b22"},"item":{"id":"f0b44603-5cf6-44b2-b9d9-7ba42f1a7414"},"language":{"id":"00000000-0000-0000-0000-000000000000"},"last_modified":"2020-04-15T20:09:03.4916369Z"}]