[{"last_modified":"2020-04-15T19:54:48.8485196Z","id":"c8060d6e-86b2-4698-8999-a1f8036e2d49","name":"Things To Do Tags","codename":"things_to_do_tags","terms":[{"id":"69522dc1-ca67-49e7-ade7-3ca7f7c8dc7e","name":".NET","codename":"_net","terms":[]},{"id":"f66eaeec-cd74-470b-ab26-4505de351630","name":"JavaScript","codename":"javascript","terms":[]},{"id":"5e150ae6-dd9b-42c3-88c9-ea26f5167f1d","name":"C#","codename":"c_","terms":[]},{"id":"1f62ee24-d85d-4194-ab32-1e0d2e8ef97f","name":"Technology","codename":"technology","terms":[]}]}]